-0.731,-0.761,0.850,3.512,6.499,9.160,11.093,12.191,12.585,12.497,12.124,11.584,10.920,10.144,9.260,8.287,7.266,6.270,5.378,4.647,4.095,3.711,3.477,3.414,3.622,4.298,5.699,8.045,11.450,15.886,21.191,27.065,33.084,38.746,43.541,47.029,48.899,49.011,47.398,44.252,39.880,34.657,28.955,23.054,17.139,11.403,6.154,1.829,-1.124,-2.446,-2.230
1.979,3.876,6.400,9.265,12.055,14.252,15.503,15.818,15.480,14.784,13.868,12.747,11.454,10.103,8.836,7.748,6.866,6.179,5.679,5.379,5.322,5.589,6.327,7.747,10.091,13.546,18.169,23.864,30.392,37.366,44.270,50.521,55.596,59.167,61.133,61.565,60.615,58.456,55.249,51.113,46.095,40.193,33.426,25.963,18.244,11.002,5.122,1.362,0.067,1.038,3.578
7.239,7.139,9.314,12.975,16.865,19.987,22.016,23.161,23.782,24.159,24.338,24.121,23.236,21.714,19.894,18.151,16.614,15.248,14.006,12.943,12.124,11.615,11.510,12.000,13.283,15.464,18.580,22.751,28.058,34.279,40.940,47.533,53.601,58.735,62.748,65.623,67.312,67.678,66.663,64.348,60.860,56.274,50.615,43.942,36.463,28.618,21.018,14.280,8.894,5.220,3.440
9.576,9.453,11.031,14.558,19.181,23.385,26.267,27.618,27.611,26.827,25.700,24.075,21.823,19.399,17.445,16.066,14.914,13.774,12.758,11.962,11.456,11.445,12.029,13.002,14.352,16.582,20.171,24.940,30.380,36.026,41.650,47.173,52.475,57.085,60.378,62.061,62.258,61.114,58.637,54.940,50.218,44.587,38.291,31.758,25.350,19.269,13.797,9.321,6.179,4.620,4.865
-5.019,-1.066,2.867,6.356,8.907,10.200,10.407,9.944,9.079,7.856,6.285,4.484,2.636,0.919,-0.529,-1.700,-2.726,-3.657,-4.352,-4.648,-4.479,-3.858,-2.823,-1.338,0.768,3.672,7.386,11.747,16.526,21.559,26.714,31.691,35.973,39.056,40.686,40.796,39.351,36.322,31.705,25.594,18.322,10.471,2.679,-4.497,-10.488,-14.643,-16.386,-15.604,-12.876,-9.204,-5.304
-0.956,2.330,6.676,11.087,14.668,16.995,18.053,17.982,17.008,15.392,13.266,10.659,7.713,4.746,2.076,-0.129,-1.836,-3.088,-3.939,-4.404,-4.442,-3.995,-3.009,-1.438,0.734,3.498,6.881,10.974,15.825,21.312,27.180,33.138,38.791,43.595,47.070,49.064,49.716,49.217,47.598,44.783,40.793,35.850,30.230,24.081,17.436,10.453,3.599,-2.333,-6.439,-8.092,-7.252
4.204,7.867,11.943,15.488,17.846,19.025,19.318,19.055,18.492,17.708,16.605,15.134,13.421,11.643,9.893,8.308,7.029,6.091,5.508,5.261,5.251,5.427,5.953,7.118,9.094,11.905,15.491,19.640,24.098,28.781,33.784,39.129,44.386,48.829,52.026,53.944,54.515,53.572,51.142,47.572,43.178,37.948,31.749,24.768,17.524,10.735,5.223,1.758,0.883,2.478,5.424
8.806,10.115,12.731,15.797,18.376,19.847,20.194,19.830,19.194,18.604,18.003,17.074,15.769,14.303,12.865,11.539,10.372,9.302,8.276,7.303,6.454,5.822,5.470,5.362,5.459,5.869,6.784,8.250,10.309,13.234,17.340,22.623,28.677,35.093,41.656,47.896,52.939,56.121,57.341,56.881,55.098,52.188,48.422,43.992,38.876,32.931,26.327,19.906,15.114,13.094,13.903
5.697,7.462,10.176,13.302,16.398,19.095,21.157,22.457,22.946,22.682,21.824,20.607,19.273,17.920,16.513,15.103,13.839,12.826,12.054,11.411,10.793,10.264,10.024,10.296,11.319,13.255,16.066,19.657,24.059,29.271,35.028,40.910,46.544,51.575,55.537,57.914,58.411,57.101,54.268,50.189,45.056,39.019,32.282,25.198,18.258,12.013,7.078,4.042,3.150,4.048,5.970
13.115,13.638,15.127,17.013,18.682,19.540,19.436,18.724,17.810,16.888,15.975,14.979,13.775,12.371,10.939,9.686,8.760,8.218,8.012,8.075,8.453,9.275,10.590,12.354,14.572,17.335,20.795,25.098,30.196,35.837,41.754,47.627,52.922,57.070,59.851,61.429,61.886,61.023,58.742,55.161,50.252,43.880,36.358,28.701,22.161,17.375,14.269,12.677,12.606,13.949,16.225
1.372,4.282,7.321,10.243,12.286,13.158,13.070,12.252,11.039,9.752,8.657,7.976,7.558,7.008,6.291,5.649,5.064,4.371,3.612,3.021,2.875,3.273,4.079,5.149,6.427,7.977,9.986,12.686,16.349,21.171,27.182,34.150,41.395,47.848,52.810,56.296,58.378,58.936,58.018,55.784,52.348,47.782,42.053,35.212,27.567,19.634,11.884,4.846,-0.280,-2.111,-0.796
1.717,3.243,5.758,9.011,11.876,13.235,13.150,12.230,10.976,9.872,9.172,8.777,8.581,8.616,8.825,9.036,8.990,8.562,8.205,8.474,9.121,9.623,9.849,10.043,10.686,12.009,14.082,17.232,21.580,26.942,33.263,40.195,46.942,52.721,56.758,58.567,58.456,57.101,54.898,51.925,48.089,43.307,37.441,30.445,22.661,14.811,7.803,2.627,0.120,0.356,2.370
-0.103,2.471,4.826,6.776,8.218,8.971,9.102,8.930,8.657,8.258,7.635,6.803,5.827,4.792,3.793,2.926,2.231,1.686,1.219,0.788,0.426,0.269,0.578,1.653,3.623,6.416,9.959,14.275,19.385,25.313,31.993,39.117,46.130,52.534,57.996,62.226,64.859,65.676,64.646,61.955,57.882,52.619,46.182,38.592,30.066,21.093,12.446,5.139,0.228,-1.642,-0.782
2.358,3.979,6.427,8.913,10.924,12.203,12.708,12.570,12.019,11.319,10.632,10.002,9.435,8.925,8.387,7.706,6.850,5.841,4.745,3.702,2.881,2.394,2.314,2.695,3.618,5.179,7.396,10.254,13.847,18.342,23.739,29.835,36.456,43.434,50.319,56.326,60.749,63.334,64.189,63.461,61.226,57.496,52.382,46.068,38.667,30.263,21.261,12.511,5.208,0.515,-1.051
6.268,7.591,10.881,15.038,18.092,19.993,21.658,22.531,22.527,22.121,21.663,21.056,20.237,19.153,17.997,17.087,16.390,15.813,15.604,15.744,16.105,17.031,18.561,20.239,22.139,24.034,25.611,27.336,29.774,32.607,35.595,39.398,44.270,49.530,54.001,56.730,57.341,56.121,52.734,47.107,40.405,34.292,29.561,25.499,21.258,16.598,12.189,8.884,6.906,5.890,5.926
6.039,8.066,10.783,14.258,16.866,18.580,19.642,19.654,19.178,18.758,18.644,18.485,18.223,18.020,17.914,17.742,17.409,17.074,16.971,17.111,17.506,18.285,19.680,21.542,23.744,26.369,29.430,33.002,36.989,41.302,45.615,49.908,53.589,55.898,56.516,55.631,53.229,49.344,45.104,41.415,37.801,33.928,29.514,24.517,19.227,14.020,9.256,5.252,2.614,2.106,3.628
12.425,13.964,16.280,18.596,20.200,20.938,20.971,20.346,19.062,17.326,15.550,14.081,12.990,12.111,11.253,10.405,9.677,9.111,8.707,8.509,8.502,8.575,8.707,9.024,9.702,10.940,12.881,15.552,19.032,23.533,29.206,35.783,42.456,48.236,52.473,55.018,56.028,55.723,54.272,51.783,48.342,44.003,38.866,33.160,27.216,21.365,15.971,11.581,8.865,8.181,9.209
7.822,10.193,13.248,15.998,17.849,18.857,19.374,19.541,19.402,18.971,18.155,17.029,15.840,14.725,13.714,12.848,12.164,11.546,10.806,10.007,9.457,9.366,9.724,10.489,11.730,13.486,15.717,18.495,21.958,26.161,31.140,36.828,42.832,48.445,52.828,55.418,56.169,55.333,53.179,49.895,45.587,40.414,34.703,28.812,22.970,17.434,12.661,9.242,7.696,8.140,10.000
1.159,3.981,7.993,12.482,16.496,19.300,21.224,22.677,23.531,23.788,23.679,23.186,22.133,20.606,19.003,17.623,16.575,15.822,15.203,14.653,14.241,14.143,14.584,15.501,16.701,18.305,20.447,23.110,26.603,31.372,37.214,43.619,50.157,56.243,61.164,64.563,66.448,67.031,66.583,65.105,62.337,58.292,53.161,46.942,39.459,30.779,21.594,12.956,6.084,2.276,2.022
1.873,5.052,8.190,11.143,13.502,14.942,15.750,16.306,16.708,16.945,17.090,17.306,17.705,18.254,18.842,19.349,19.721,19.919,19.851,19.670,19.729,20.146,20.887,21.997,23.429,25.035,26.788,28.979,31.981,35.875,40.528,45.794,51.346,56.470,60.374,62.709,63.687,63.685,62.742,60.728,57.670,53.638,48.595,42.507,35.390,27.364,18.826,10.595,3.715,-0.706,-1.943
9.413,11.918,14.282,16.213,17.792,19.079,19.945,20.406,20.765,21.202,21.471,21.227,20.348,18.851,16.875,14.801,13.098,11.975,11.321,10.958,10.872,11.101,11.559,12.128,12.927,14.255,16.298,19.081,22.677,27.232,32.741,39.004,45.742,52.548,58.728,63.429,66.102,66.759,65.776,63.508,60.063,55.377,49.406,42.295,34.425,26.470,19.362,14.064,11.184,10.726,12.158
12.795,16.305,19.685,22.591,24.651,25.915,26.632,26.736,26.047,24.684,22.984,21.187,19.384,17.658,16.111,14.786,13.685,12.869,12.428,12.322,12.386,12.504,12.708,13.140,13.979,15.374,17.415,20.224,23.985,28.803,34.591,41.091,47.910,54.493,60.123,64.139,66.245,66.523,65.235,62.671,59.089,54.651,49.421,43.440,36.818,29.911,23.403,18.133,14.817,13.852,15.049
1.744,5.505,10.013,14.629,18.316,20.340,20.995,21.030,20.710,19.823,18.420,16.927,15.480,13.907,12.217,10.606,9.160,7.838,6.718,5.881,5.354,5.236,5.728,6.978,9.009,11.763,15.200,19.258,23.728,28.419,33.430,39.043,45.113,50.833,55.280,58.087,59.379,59.358,58.122,55.722,52.102,47.227,41.345,34.838,27.754,19.981,11.694,3.712,-2.379,-4.968,-3.700
0.294,3.966,9.296,14.666,18.786,21.250,22.255,22.202,21.625,20.856,19.796,18.408,16.896,15.257,13.399,11.442,9.581,7.982,6.645,5.450,4.490,4.048,4.192,4.862,6.165,8.377,11.636,15.765,20.274,24.909,30.056,36.393,43.771,50.776,55.921,58.844,59.909,59.351,57.232,54.091,50.423,46.051,40.790,34.748,27.898,20.212,12.003,4.152,-1.590,-3.285,-0.752
2.628,4.802,7.388,9.836,11.786,13.073,13.706,13.775,13.409,12.745,11.896,10.917,9.877,8.878,7.987,7.212,6.562,6.048,5.634,5.258,4.934,4.774,4.934,5.573,6.863,8.990,12.073,16.105,20.989,26.591,32.696,38.947,44.882,50.052,54.104,56.862,58.328,58.564,57.585,55.387,52.014,47.588,42.305,36.413,30.169,23.869,17.931,12.950,9.552,8.134,8.608
7.733,9.453,12.055,14.790,17.086,18.637,19.366,19.372,18.898,18.212,17.432,16.539,15.546,14.570,13.755,13.173,12.799,12.537,12.261,11.849,11.254,10.625,10.302,10.614,11.725,13.701,16.630,20.568,25.465,31.214,37.673,44.471,50.913,56.305,60.337,63.021,64.367,64.286,62.740,59.814,55.617,50.234,43.784,36.511,28.827,21.286,14.529,9.218,5.881,4.633,5.046
6.168,8.176,12.528,17.921,22.001,23.766,24.348,24.722,24.778,24.045,22.628,21.121,19.952,18.825,17.512,16.375,15.393,14.454,13.556,12.633,11.573,10.878,11.096,12.460,15.055,18.855,23.674,29.432,36.115,43.433,51.112,58.253,64.008,67.943,70.187,70.925,70.239,68.270,65.074,60.799,55.408,48.782,41.009,32.450,23.718,15.767,9.776,6.482,5.868,7.540,11.534
1.197,2.708,5.757,9.881,14.230,17.357,18.727,18.728,18.227,17.570,16.759,15.903,15.340,15.066,14.855,14.553,14.011,13.254,12.364,11.445,10.395,9.528,9.322,10.095,11.932,14.646,18.238,22.727,28.143,34.363,41.138,47.883,53.969,58.939,62.332,63.953,64.109,62.983,60.580,56.912,52.119,46.075,38.819,30.635,21.963,13.472,6.094,0.774,-1.809,-1.470,1.008
17.684,19.152,21.661,24.742,27.587,29.502,30.311,30.326,30.005,29.674,29.435,29.231,28.965,28.597,28.147,27.632,27.021,26.312,25.590,24.946,24.387,23.884,23.434,23.075,22.927,23.246,24.349,26.483,29.803,34.429,40.383,47.329,54.447,60.719,65.384,68.153,69.062,68.185,65.464,60.823,54.339,46.244,36.992,27.426,18.615,11.474,6.664,4.537,4.972,7.379,11.027
14.100,16.535,20.095,23.719,26.410,27.712,27.715,26.722,25.018,22.948,20.962,19.410,18.294,17.355,16.391,15.426,14.582,13.882,13.254,12.668,12.250,12.228,12.787,13.993,15.838,18.323,21.505,25.523,30.579,36.897,44.465,52.655,60.325,66.504,70.793,73.202,73.873,72.964,70.638,67.072,62.454,56.983,50.871,44.331,37.622,31.133,25.353,20.746,17.767,16.870,18.121
16.099,17.250,18.694,20.418,21.682,21.846,21.067,19.976,18.971,18.045,16.978,15.693,14.332,13.109,12.103,11.230,10.453,9.892,9.684,9.741,9.898,10.193,10.886,12.188,14.211,17.049,20.786,25.490,31.206,37.787,44.677,51.018,56.065,59.498,61.363,61.833,61.047,59.121,56.207,52.470,48.113,43.484,38.858,34.223,29.549,25.089,21.211,18.290,16.663,16.411,17.272
12.453,14.951,19.114,23.141,25.794,26.955,26.898,26.041,25.015,24.113,23.093,21.736,20.145,18.462,16.678,14.723,12.575,10.255,7.824,5.383,3.178,1.510,0.566,0.476,1.399,3.437,6.514,10.540,15.499,21.439,28.293,35.757,43.194,49.796,54.892,58.170,59.577,59.162,57.030,53.423,48.810,43.775,38.705,33.708,28.779,23.795,18.721,14.065,10.694,9.092,9.154
3.419,4.512,7.274,11.046,14.374,16.238,16.881,16.819,16.190,15.153,13.966,12.683,11.312,9.988,8.807,7.718,6.702,5.800,5.028,4.368,3.779,3.293,3.190,3.804,5.068,6.684,8.661,11.352,14.940,19.232,23.977,29.324,35.481,41.907,47.340,50.915,52.572,52.475,50.683,47.402,43.094,38.151,32.801,27.348,22.138,17.169,12.341,7.947,4.601,2.832,2.826
9.122,9.996,12.208,15.127,17.971,20.038,21.068,21.138,20.456,19.325,17.976,16.496,14.984,13.560,12.254,10.983,9.701,8.477,7.436,6.646,6.248,6.517,7.626,9.418,11.644,14.254,17.401,21.234,25.764,30.950,36.799,43.178,49.498,54.886,58.767,61.084,61.997,61.538,59.648,56.321,51.731,46.223,40.152,33.709,26.996,20.320,14.307,9.772,7.330,7.102,8.789
2.910,5.526,9.548,14.586,19.543,23.113,24.731,24.847,24.319,23.815,23.593,23.415,22.995,22.387,21.773,21.112,20.335,19.522,18.769,18.075,17.459,17.072,17.160,17.942,19.455,21.550,23.935,26.422,29.366,33.341,38.249,43.431,48.640,53.973,59.119,63.226,65.606,66.174,65.179,62.858,59.286,54.493,48.502,41.393,33.370,24.785,16.545,10.128,6.731,6.342,8.132
-0.969,1.494,5.172,9.108,11.904,13.204,13.407,12.791,11.732,10.475,8.801,6.595,4.132,1.833,-0.037,-1.396,-2.240,-2.492,-2.211,-1.714,-1.204,-0.700,-0.214,0.224,0.764,1.672,3.286,5.914,9.586,14.041,19.068,24.774,31.524,39.192,46.419,51.582,54.245,54.925,54.049,51.803,48.312,43.803,38.604,32.758,25.893,17.921,9.673,2.713,-1.693,-3.299,-2.906
-2.035,-0.409,1.987,4.559,6.669,7.939,8.395,8.239,7.630,6.724,5.745,4.886,4.197,3.592,2.951,2.212,1.421,0.669,0.051,-0.288,-0.137,0.656,2.076,4.008,6.332,8.966,11.897,15.206,19.006,23.352,28.237,33.583,39.128,44.327,48.542,51.401,52.883,53.098,52.137,50.106,47.141,43.359,38.813,33.512,27.514,21.007,14.319,7.946,2.574,-1.073,-2.587
0.687,3.954,7.211,10.182,12.586,14.239,15.116,15.311,14.998,14.283,13.094,11.374,9.304,7.186,5.246,3.596,2.298,1.424,1.052,1.196,1.774,2.692,3.948,5.603,7.690,10.234,13.369,17.309,22.133,27.687,33.663,39.647,45.135,49.678,53.037,55.153,56.027,55.687,54.173,51.538,47.851,43.190,37.657,31.445,24.836,18.147,11.797,6.366,2.471,0.489,0.355
0.828,4.090,8.451,12.926,16.574,18.908,20.004,20.227,19.939,19.402,18.779,18.121,17.394,16.523,15.425,14.036,12.348,10.439,8.450,6.564,5.009,4.025,3.798,4.406,5.840,8.062,11.087,15.004,19.886,25.652,32.016,38.589,44.967,50.734,55.455,58.772,60.521,60.711,59.413,56.690,52.622,47.321,40.927,33.632,25.786,17.989,11.041,5.749,2.662,1.919,3.264
4.351,6.944,10.482,14.087,17.014,18.872,19.668,19.653,19.131,18.345,17.428,16.432,15.383,14.293,13.152,11.934,10.616,9.192,7.698,6.231,4.940,3.992,3.525,3.629,4.368,5.824,8.137,11.488,16.002,21.652,28.229,35.377,42.596,49.274,54.808,58.779,61.023,61.564,60.503,57.948,54.048,49.058,43.319,37.132,30.698,24.221,18.072,12.773,8.823,6.506,5.820
7.991,10.747,14.082,17.256,19.648,20.922,21.054,20.227,18.705,16.752,14.612,12.497,10.566,8.919,7.594,6.574,5.819,5.284,4.943,4.793,4.844,5.103,5.579,6.283,7.257,8.583,10.402,12.893,16.225,20.470,25.532,31.126,36.830,42.198,46.851,50.534,53.105,54.501,54.695,53.691,51.543,48.362,44.312,39.594,34.444,29.159,24.122,19.790,16.643,15.100,15.385
10.601,11.476,14.006,17.646,21.525,24.799,26.935,27.770,27.405,26.086,24.126,21.840,19.474,17.161,14.935,12.786,10.699,8.695,6.849,5.295,4.210,3.777,4.133,5.354,7.478,10.552,14.656,19.855,26.092,33.088,40.328,47.172,53.023,57.449,60.232,61.344,60.860,58.898,55.578,51.026,45.383,38.820,31.546,23.850,16.142,8.979,3.041,-1.000,-2.700,-2.045,0.535
8.089,10.416,12.900,15.220,17.181,18.592,19.373,19.564,19.251,18.535,17.564,16.471,15.310,14.087,12.846,11.694,10.726,9.980,9.475,9.235,9.256,9.493,9.948,10.752,12.087,14.062,16.728,20.153,24.392,29.424,35.145,41.353,47.651,53.422,58.049,61.211,62.880,63.111,61.905,59.260,55.235,49.938,43.491,36.063,28.031,20.110,13.225,8.239,5.690,5.544,7.042
12.562,14.520,16.571,18.387,19.798,20.705,21.052,20.810,20.023,18.851,17.492,16.074,14.683,13.440,12.516,12.056,12.086,12.460,12.955,13.438,13.900,14.403,15.077,16.140,17.818,20.213,23.325,27.145,31.634,36.697,42.268,48.231,54.162,59.335,63.089,65.143,65.558,64.510,62.120,58.455,53.617,47.787,41.254,34.444,27.804,21.655,16.290,12.121,9.554,8.773,9.593
8.055,11.551,16.182,21.196,25.572,28.507,29.842,29.905,29.064,27.531,25.489,23.179,20.801,18.489,16.385,14.650,13.317,12.225,11.155,10.040,8.938,7.903,7.017,6.582,7.101,9.018,12.465,17.265,23.130,29.812,37.028,44.306,51.036,56.714,61.057,63.909,65.146,64.653,62.406,58.566,53.489,47.541,40.937,33.778,26.234,18.702,11.875,6.660,3.850,3.711,5.921
16.239,19.284,22.765,26.513,30.171,33.121,34.927,35.588,35.349,34.460,33.147,31.651,30.183,28.839,27.613,26.469,25.380,24.316,23.239,22.129,20.978,19.836,18.864,18.315,18.438,19.413,21.343,24.337,28.567,34.160,40.884,47.928,54.187,58.869,61.783,63.124,63.122,61.872,59.377,55.657,50.812,44.986,38.329,31.037,23.491,16.375,10.684,7.441,7.203,9.699,13.953
9.151,12.407,15.863,19.159,21.801,23.569,24.548,24.797,24.387,23.565,22.564,21.422,20.093,18.584,16.917,15.077,13.021,10.768,8.514,6.598,5.370,5.071,5.762,7.313,9.485,12.057,14.988,18.509,22.945,28.376,34.530,41.025,47.513,53.524,58.422,61.681,63.108,62.701,60.477,56.506,51.016,44.396,37.105,29.596,22.267,15.517,9.932,6.304,5.244,6.673,9.809
9.682,12.641,15.374,17.538,19.113,20.284,21.007,20.883,19.689,17.763,15.766,14.123,12.761,11.373,9.797,8.028,6.106,4.125,2.231,0.601,-0.533,-0.927,-0.483,0.691,2.435,4.771,7.918,12.125,17.453,23.616,30.156,36.830,43.467,49.480,54.042,56.699,57.468,56.478,53.778,49.469,43.868,37.512,31.016,24.812,18.979,13.525,8.844,5.686,4.684,5.863,8.514
14.168,15.419,19.005,23.592,27.841,31.094,33.181,34.139,34.250,33.850,33.073,32.016,30.865,29.804,28.914,28.190,27.545,26.900,26.273,25.751,25.309,24.886,24.528,24.475,24.987,26.171,28.020,30.555,33.843,37.957,43.082,49.374,56.500,63.480,69.215,73.130,75.265,75.927,75.406,73.875,71.371,67.851,63.263,57.520,50.536,42.506,34.031,26.005,19.436,15.224,13.746
13.072,14.232,15.858,18.140,20.676,22.817,24.033,24.227,23.647,22.548,21.158,19.788,18.768,18.203,17.937,17.745,17.495,17.395,17.662,18.260,18.930,19.693,20.810,22.535,25.044,28.528,33.075,38.582,44.895,51.857,59.016,65.532,70.614,73.870,75.294,75.037,73.350,70.466,66.489,61.424,55.316,48.181,40.013,31.057,22.033,13.972,7.917,4.594,4.150,6.024,9.211
-0.128,1.915,4.947,8.164,10.745,12.486,13.342,13.283,12.619,11.665,10.485,9.203,7.945,6.677,5.385,4.126,2.952,2.014,1.382,0.948,0.662,0.631,1.039,2.002,3.566,5.768,8.653,12.247,16.700,22.241,28.959,36.700,44.902,52.549,58.666,62.932,65.539,66.561,65.815,63.341,59.474,54.502,48.661,42.074,34.677,26.720,18.991,12.456,8.150,6.519,6.932
2.010,4.245,6.780,9.163,10.998,12.235,12.795,12.749,12.300,11.459,10.256,8.907,7.600,6.407,5.340,4.388,3.547,2.667,1.664,0.753,0.276,0.518,1.390,2.567,3.946,5.624,7.881,11.171,15.707,21.186,27.179,33.601,40.382,46.987,52.605,56.661,58.971,59.451,58.187,55.412,51.386,46.315,40.373,33.653,26.245,18.482,10.959,4.409,-0.191,-2.041,-1.370
4.443,5.619,6.902,8.228,9.677,10.817,11.161,10.838,10.250,9.456,8.305,6.886,5.500,4.381,3.598,3.123,2.937,3.051,3.383,3.836,4.477,5.495,7.007,8.995,11.440,14.466,18.327,23.282,29.425,36.510,44.029,51.407,58.011,63.177,66.473,67.790,67.197,64.823,60.862,55.596,49.349,42.458,35.263,28.034,20.970,14.361,8.708,4.644,2.635,2.640,3.889
10.324,11.873,13.815,15.874,17.766,19.113,19.630,19.270,18.202,16.773,15.425,14.373,13.436,12.441,11.474,10.667,10.115,9.821,9.643,9.546,9.694,10.229,11.195,12.549,14.245,16.394,19.168,22.593,26.592,31.082,36.099,41.905,48.561,55.417,61.462,65.976,68.686,69.571,68.669,66.016,61.647,55.655,48.294,39.983,31.317,23.117,16.268,11.353,8.506,7.578,8.250
5.369,7.766,10.761,14.162,17.245,19.351,20.416,20.536,19.700,17.949,15.657,13.466,11.858,10.911,10.445,10.353,10.668,11.349,12.227,13.104,13.889,14.559,15.166,15.817,16.659,17.829,19.454,21.667,24.534,28.012,32.019,36.523,41.402,46.241,50.463,53.661,55.692,56.527,56.125,54.481,51.680,47.943,43.558,38.766,33.604,27.980,21.990,16.096,11.009,7.450,6.065
6.028,6.497,8.090,10.780,13.701,15.938,17.075,17.125,16.436,15.541,14.764,14.066,13.385,12.894,12.861,13.366,14.138,14.754,14.954,14.812,14.659,14.786,15.203,15.727,16.299,17.051,18.153,19.856,22.433,26.091,30.878,36.773,43.454,50.126,55.737,59.402,60.865,60.454,58.720,56.012,52.519,48.385,43.628,38.098,31.656,24.524,17.211,10.462,5.152,2.216,2.139
14.905,15.509,18.247,21.805,25.085,27.578,28.983,29.316,28.899,27.954,26.635,25.373,24.460,23.355,21.891,20.516,19.461,18.471,17.225,15.837,14.354,13.025,12.009,11.694,12.554,14.973,18.842,23.750,29.509,36.022,42.937,49.894,56.454,62.038,66.101,68.640,70.037,70.485,69.853,68.052,65.136,61.362,56.790,51.559,45.473,38.633,31.247,24.258,18.459,14.630,13.086
10.823,12.999,15.896,18.631,20.989,22.837,23.953,23.956,22.879,21.185,19.390,17.984,17.041,16.357,15.374,14.049,12.813,11.465,9.827,8.455,8.113,8.551,9.078,9.598,10.699,12.716,15.530,19.074,23.376,28.693,34.907,41.527,48.728,55.771,61.616,65.207,67.277,67.871,66.747,64.269,60.710,56.058,49.914,42.536,34.295,25.839,17.951,11.676,8.131,7.752,9.980
0.073,2.134,4.736,7.518,9.854,11.138,11.242,10.481,9.269,7.900,6.504,5.050,3.445,1.679,-0.205,-2.239,-4.451,-6.662,-8.487,-9.561,-9.704,-8.920,-7.319,-5.017,-2.107,1.374,5.482,10.358,16.212,23.241,31.220,39.120,45.632,50.054,52.370,52.736,51.207,47.889,43.090,37.205,30.543,23.447,16.435,10.066,4.710,0.565,-2.176,-3.370,-3.150,-1.940,-0.101
-2.946,0.044,4.085,8.400,12.165,14.732,15.917,15.950,15.193,13.970,12.490,10.824,8.971,6.951,4.831,2.701,0.639,-1.309,-3.111,-4.680,-5.841,-6.330,-5.876,-4.355,-1.880,1.299,5.020,9.341,14.473,20.611,27.712,35.255,42.316,48.081,52.239,54.883,56.190,56.243,55.023,52.479,48.585,43.398,37.089,29.966,22.520,15.394,9.217,4.456,1.372,0.022,0.327
5.576,7.474,9.641,11.705,13.368,14.372,14.758,14.786,14.643,14.354,13.883,13.243,12.472,11.557,10.463,9.220,7.913,6.598,5.256,3.884,2.582,1.538,0.963,1.066,1.987,3.697,6.062,9.068,12.862,17.563,23.132,29.401,36.004,42.260,47.380,50.821,52.382,52.060,49.962,46.348,41.645,36.356,30.843,25.205,19.474,13.881,8.924,5.185,3.033,2.509,3.355
11.805,14.053,16.183,18.047,19.580,20.466,20.475,19.783,18.731,17.508,16.200,14.902,13.654,12.413,11.134,9.859,8.701,7.746,6.978,6.353,5.907,5.787,6.251,7.576,9.807,12.737,16.237,20.429,25.518,31.575,38.374,45.348,51.819,57.237,61.281,63.859,65.009,64.761,63.081,59.976,55.605,50.240,44.147,37.497,30.432,23.237,16.471,10.946,7.475,6.319,6.828
-2.465,-0.200,2.597,5.369,7.803,9.752,11.095,11.716,11.652,11.158,10.521,9.870,9.201,8.483,7.699,6.842,5.952,5.115,4.413,3.890,3.583,3.575,3.994,4.950,6.487,8.578,11.192,14.370,18.232,22.918,28.440,34.519,40.607,46.069,50.361,53.186,54.564,54.680,53.638,51.418,48.034,43.605,38.268,32.096,25.109,17.431,9.540,2.298,-3.373,-6.832,-7.926
-0.053,1.341,3.637,6.138,8.382,10.132,11.244,11.666,11.526,11.059,10.424,9.654,8.798,7.999,7.404,7.009,6.619,6.046,5.311,4.588,4.079,4.000,4.565,5.913,8.060,10.930,14.471,18.742,23.889,30.003,36.884,43.955,50.464,55.797,59.659,62.056,63.099,62.791,61.008,57.660,52.806,46.604,39.258,31.072,22.471,14.006,6.435,0.711,-2.364,-2.675,-0.962
6.338,8.979,11.578,14.112,16.324,18.089,19.224,19.401,18.734,17.577,16.155,14.675,13.375,12.269,11.112,9.775,8.329,6.767,5.201,4.053,3.635,3.917,4.836,6.382,8.447,10.905,13.752,17.161,21.471,27.046,33.815,41.061,47.850,53.490,57.688,60.326,61.201,60.259,57.738,53.953,49.115,43.354,36.846,29.875,22.787,15.884,9.563,4.732,2.490,2.960,4.991
5.817,8.376,10.881,13.517,16.004,17.772,18.610,18.644,18.110,17.215,16.159,15.095,14.099,13.152,12.068,10.827,9.664,8.616,7.582,6.642,5.970,5.752,6.174,7.266,8.913,11.094,13.878,17.284,21.387,26.394,32.408,39.145,45.867,51.813,56.548,59.845,61.612,61.835,60.453,57.428,52.875,47.009,40.022,32.187,23.995,16.037,8.950,3.608,1.032,1.593,4.380
7.490,8.690,10.274,11.785,12.994,13.841,14.363,14.631,14.700,14.584,14.300,13.913,13.503,13.089,12.597,11.934,11.105,10.222,9.372,8.574,7.844,7.230,6.808,6.688,6.948,7.581,8.554,9.910,11.801,14.442,18.089,22.972,29.040,35.795,42.535,48.613,53.507,56.877,58.610,58.696,57.101,53.857,49.161,43.329,36.772,29.976,23.359,17.289,12.196,8.552,6.674
-3.262,-0.976,1.291,3.456,5.389,6.823,7.552,7.577,7.261,6.864,6.304,5.537,4.735,4.001,3.289,2.573,1.832,1.074,0.417,0.051,0.234,1.130,2.642,4.528,6.570,8.855,11.778,15.671,20.765,27.069,33.964,40.503,45.930,49.775,51.833,51.991,50.139,46.328,40.813,33.960,26.224,18.093,10.051,2.924,-2.118,-4.216,-3.465,-1.098,1.352,3.298,4.810
5.478,7.355,9.681,11.975,13.847,15.037,15.520,15.587,15.549,15.410,14.926,14.057,13.014,11.932,10.759,9.511,8.281,7.080,5.853,4.639,3.515,2.542,1.860,1.647,2.038,3.139,5.166,8.353,12.810,18.490,25.246,32.803,40.568,47.604,53.129,56.950,59.266,60.125,59.424,57.189,53.694,49.169,43.736,37.512,30.688,23.454,16.134,9.498,4.643,2.461,2.982
7.285,8.742,11.950,15.531,18.403,20.153,20.712,20.206,19.071,17.835,16.720,15.627,14.445,13.201,12.022,10.977,9.948,8.754,7.375,6.065,5.102,4.615,4.674,5.427,7.003,9.425,12.761,17.189,22.870,29.731,37.376,45.132,52.247,58.175,62.661,65.696,67.323,67.544,66.310,63.661,59.792,54.949,49.272,42.817,35.752,28.327,20.884,13.957,8.452,5.297,4.815
-5.415,-3.380,-1.156,1.257,3.672,5.676,6.844,7.115,6.939,6.735,6.486,5.995,5.305,4.609,3.932,3.236,2.672,2.296,1.995,1.745,1.807,2.437,3.779,5.696,8.084,11.013,14.585,18.717,23.233,28.050,33.108,38.220,42.946,46.675,49.035,50.097,49.974,48.702,46.411,43.371,39.690,35.336,30.260,24.463,17.977,11.084,4.387,-1.257,-4.836,-5.664,-4.119
-2.690,0.338,4.252,8.678,12.901,16.021,17.681,18.163,17.918,17.141,15.929,14.478,12.994,11.540,10.140,8.838,7.674,6.664,5.737,4.792,3.957,3.618,4.054,5.203,6.925,9.281,12.507,16.812,22.150,28.130,34.254,40.117,45.241,49.022,51.106,51.604,50.800,48.768,45.489,41.108,36.024,30.595,24.999,19.282,13.569,8.100,3.235,-0.555,-2.839,-3.405,-2.321
13.076,14.147,17.185,21.122,24.687,26.829,27.250,26.343,24.651,22.465,19.767,16.632,13.386,10.501,8.279,6.666,5.527,4.817,4.469,4.239,3.879,3.388,3.010,3.093,3.890,5.585,8.343,12.364,17.830,24.708,32.746,41.465,50.232,58.355,65.212,70.444,73.830,75.302,74.929,72.934,69.606,65.142,59.639,53.071,45.448,37.020,28.503,21.093,16.085,14.343,15.829
10.454,12.676,15.506,18.753,21.788,23.909,24.792,24.652,23.950,23.018,22.030,21.014,19.949,18.830,17.681,16.538,15.425,14.312,13.122,11.818,10.417,9.049,7.996,7.534,7.924,9.262,11.520,14.668,18.702,23.765,29.968,37.251,45.219,53.131,60.128,65.483,68.838,70.225,69.896,68.127,65.083,60.794,55.301,48.750,41.435,33.834,26.577,20.393,15.895,13.470,13.212
3.954,6.520,8.861,10.984,12.592,13.197,12.920,12.234,11.527,11.031,10.627,10.000,9.079,8.097,7.267,6.538,5.830,5.304,5.173,5.470,6.115,6.978,7.996,9.155,10.502,12.272,14.693,17.916,22.157,27.432,33.339,39.461,45.380,50.473,54.300,56.712,57.552,56.725,54.378,50.697,45.888,40.236,33.869,26.878,19.596,12.627,6.770,2.661,0.618,0.687,2.155
4.778,7.070,9.028,10.660,11.972,12.545,12.236,11.358,10.374,9.510,8.689,7.807,6.857,5.950,5.170,4.257,3.179,2.422,2.301,2.679,3.368,4.350,5.657,7.185,9.057,11.427,13.951,16.768,20.504,25.338,31.023,37.299,44.058,50.707,56.051,59.449,60.949,60.644,58.630,55.016,49.897,43.649,36.867,30.140,23.824,17.912,12.521,8.234,5.615,4.967,6.067
4.703,7.738,11.289,14.303,16.209,16.932,16.779,16.102,15.194,14.287,13.430,12.444,11.184,9.693,8.073,6.369,4.664,3.087,1.752,0.697,0.014,-0.141,0.371,1.569,3.402,5.817,8.758,12.210,16.281,21.234,27.270,34.286,41.735,48.781,54.632,58.891,61.561,62.797,62.676,61.179,58.333,54.225,48.919,42.441,34.967,26.938,19.063,12.190,7.143,4.476,4.237
-2.514,0.033,3.549,6.539,8.243,8.942,9.270,9.447,9.457,9.410,9.375,9.226,8.897,8.480,8.077,7.672,7.220,6.678,5.936,4.977,4.081,3.694,4.101,5.322,7.259,9.817,13.041,17.134,22.319,28.564,35.468,42.287,48.140,52.409,54.954,56.011,55.824,54.465,51.896,48.218,43.626,38.228,32.038,25.188,17.971,10.755,4.171,-0.758,-3.081,-2.527,0.441
5.642,8.880,13.489,18.536,22.926,25.952,27.548,28.057,27.898,27.344,26.453,25.149,23.403,21.311,19.008,16.599,14.210,11.994,10.053,8.393,7.011,5.986,5.493,5.756,7.001,9.398,13.040,17.917,23.899,30.751,38.167,45.728,52.854,58.900,63.364,66.007,66.813,65.857,63.204,58.913,53.137,46.230,38.670,30.774,22.585,14.261,6.526,0.558,-2.603,-2.621,0.036
9.522,12.305,17.038,22.139,26.127,28.257,28.583,27.683,26.305,24.954,23.674,22.237,20.506,18.569,16.580,14.619,12.677,10.758,9.005,7.651,6.834,6.511,6.610,7.213,8.600,11.120,14.999,20.187,26.347,33.082,40.216,47.638,54.886,61.165,65.839,68.682,69.753,69.145,66.893,63.052,57.836,51.567,44.453,36.533,28.008,19.588,12.388,7.555,5.823,7.162,10.859
3.000,4.628,8.010,12.347,16.356,19.050,20.176,20.035,19.099,17.650,15.841,13.845,11.812,9.838,7.968,6.173,4.394,2.611,0.919,-0.455,-1.247,-1.275,-0.511,0.999,3.295,6.529,10.868,16.360,22.862,30.059,37.479,44.508,50.535,55.134,58.156,59.662,59.753,58.501,55.955,52.180,47.301,41.480,34.929,27.933,20.869,14.266,8.754,4.908,3.024,3.029,4.657
1.074,4.192,8.257,12.302,15.380,17.012,17.258,16.510,15.201,13.689,12.283,11.113,10.110,9.121,8.121,7.170,6.291,5.413,4.493,3.607,2.870,2.472,2.698,3.917,6.474,10.399,15.498,21.551,28.402,35.990,44.089,52.159,59.497,65.516,69.905,72.612,73.631,72.918,70.448,66.220,60.393,53.298,45.382,37.060,28.618,20.387,12.930,7.036,3.334,1.937,2.552
4.373,5.699,8.846,13.004,17.226,20.733,23.110,24.264,24.338,23.575,22.173,20.252,17.913,15.356,12.867,10.675,8.841,7.257,5.807,4.483,3.402,2.749,2.640,3.145,4.268,6.038,8.611,12.240,17.135,23.217,30.095,37.319,44.594,51.696,58.323,64.007,68.306,70.937,71.819,71.044,68.776,65.163,60.257,54.059,46.605,38.113,29.024,20.039,12.088,6.142,2.898
5.921,7.521,11.377,16.076,20.192,22.936,24.209,24.310,23.658,22.560,21.199,19.653,17.979,16.291,14.691,13.276,12.111,11.243,10.727,10.536,10.633,11.041,11.870,13.314,15.510,18.584,22.616,27.565,33.216,39.201,45.183,50.950,56.375,61.299,65.489,68.669,70.628,71.252,70.511,68.438,65.070,60.448,54.596,47.621,39.794,31.516,23.339,15.959,10.124,6.457,5.219
2.585,5.140,8.961,12.879,15.977,17.734,18.306,18.298,17.969,17.176,16.013,14.920,14.090,13.335,12.533,11.862,11.505,11.464,11.632,11.918,12.299,12.748,13.272,14.033,15.275,17.162,19.845,23.519,28.229,33.624,39.308,45.149,50.981,56.337,60.694,63.848,65.702,66.190,65.478,63.803,61.198,57.543,52.670,46.458,38.920,30.309,21.299,13.018,6.779,3.548,3.326
-0.636,1.331,5.532,10.646,14.468,16.121,16.576,16.831,17.088,17.208,16.964,16.268,15.336,14.531,13.902,13.191,12.413,11.779,11.257,10.752,10.430,10.455,10.926,11.962,13.589,15.854,18.924,22.944,27.778,33.140,38.802,44.607,50.288,55.478,59.717,62.533,63.754,63.648,62.614,60.795,58.021,54.009,48.686,42.130,34.522,26.292,18.029,10.383,4.351,1.068,0.877
2.977,4.025,7.171,11.161,14.782,17.287,18.479,18.558,17.935,16.972,15.813,14.461,12.974,11.520,10.238,9.224,8.496,8.040,7.738,7.464,7.230,7.197,7.532,8.307,9.628,11.689,14.688,18.672,23.591,29.375,35.871,42.756,49.502,55.509,60.264,63.450,64.954,64.848,63.369,60.780,57.263,52.938,47.918,42.239,35.811,28.593,20.881,13.399,7.066,2.714,0.764
8.812,11.677,16.279,21.203,25.100,27.291,27.832,27.180,25.807,23.939,21.671,19.137,16.589,14.363,12.588,11.185,9.863,8.480,7.134,6.024,5.253,4.824,4.818,5.355,6.552,8.511,11.303,14.955,19.553,25.259,32.056,39.511,46.801,53.021,57.585,60.412,61.711,61.695,60.420,57.888,54.103,49.103,42.996,35.994,28.414,20.631,13.152,6.683,2.102,0.159,1.010
19.880,21.037,24.065,27.119,29.468,30.946,31.257,30.733,29.892,28.927,28.088,27.400,26.682,25.891,25.106,24.382,23.586,22.972,22.624,22.380,22.211,22.378,23.008,23.877,25.126,26.842,29.050,31.771,35.111,38.999,43.408,48.450,54.107,59.638,64.160,67.058,68.309,68.162,67.227,65.796,63.931,61.600,58.775,54.903,49.820,43.609,36.718,29.505,22.996,18.398,16.450
14.034,15.296,18.650,22.917,26.947,29.638,30.252,29.443,28.771,28.498,28.165,27.333,26.683,26.054,25.211,23.908,22.610,21.443,20.142,18.325,16.462,14.839,13.473,12.959,13.967,16.144,18.792,22.080,26.037,30.722,36.155,42.370,49.158,56.200,62.542,67.414,70.160,71.434,71.320,70.310,67.781,63.725,58.064,51.120,43.003,33.909,24.939,17.512,12.542,10.425,10.759
5.547,6.844,8.923,11.844,14.998,17.522,19.088,19.568,19.045,18.080,17.297,16.782,16.257,15.480,14.427,13.199,11.945,10.709,9.460,8.231,7.119,6.265,5.915,6.191,6.989,8.296,10.341,13.205,16.665,20.625,25.283,30.730,36.631,42.505,47.824,52.089,55.016,56.527,56.660,55.572,53.393,50.124,45.696,40.107,33.592,26.639,19.923,14.284,10.547,9.015,9.371
4.760,6.353,8.498,11.290,13.997,15.629,16.054,15.743,14.964,13.703,11.947,9.825,7.617,5.689,4.198,3.144,2.579,2.444,2.440,2.412,2.502,3.005,4.089,5.696,7.707,10.105,13.128,17.059,21.911,27.460,33.502,39.833,45.931,51.188,55.316,58.228,59.741,59.763,58.463,55.980,52.216,47.086,40.703,33.413,25.640,17.906,10.968,5.789,3.260,3.519,5.582
10.572,14.051,17.648,20.486,22.152,23.091,23.526,23.431,23.048,22.532,21.886,21.137,20.235,19.083,17.691,16.165,14.655,13.329,12.252,11.421,10.938,10.918,11.323,12.061,13.158,14.685,16.779,19.628,23.391,28.387,34.849,42.144,49.092,54.928,59.168,61.342,61.248,58.980,54.929,49.875,44.715,39.892,35.093,29.737,23.765,17.767,12.425,8.277,6.061,6.286,8.469
8.746,11.382,14.354,17.048,18.862,19.844,20.218,20.136,19.803,19.328,18.723,18.010,17.218,16.234,14.876,13.211,11.444,9.728,8.244,7.113,6.290,5.684,5.298,5.239,5.597,6.389,7.704,9.856,13.309,18.505,25.658,34.297,43.149,50.918,56.975,61.196,63.577,64.125,62.821,59.686,54.919,48.892,41.936,34.274,26.165,18.050,10.851,5.906,4.251,5.803,9.237
1.721,3.007,5.141,7.732,10.619,13.476,15.677,16.785,17.005,16.855,16.585,16.138,15.481,14.692,13.832,12.973,12.233,11.700,11.382,11.222,11.133,11.077,11.199,11.686,12.591,13.949,15.988,18.993,23.010,27.889,33.425,39.322,45.126,50.302,54.336,56.875,57.902,57.636,56.287,54.030,51.081,47.567,43.382,38.305,32.211,25.271,18.120,11.758,7.204,5.062,5.290
4.378,6.142,8.047,10.108,12.244,14.054,15.134,15.364,15.072,14.629,14.007,13.025,11.793,10.482,9.223,8.170,7.370,6.668,5.995,5.492,5.399,5.892,7.085,8.980,11.467,14.403,17.819,21.908,26.790,32.337,38.313,44.388,49.976,54.324,56.916,57.623,56.674,54.460,51.344,47.545,43.103,37.913,31.887,25.117,17.965,11.047,5.134,0.991,-0.934,-0.816,0.617
11.274,14.026,16.830,19.687,22.472,24.585,25.266,24.700,23.566,22.383,21.077,19.550,17.968,16.635,15.372,14.048,12.540,10.972,9.482,8.212,7.140,6.483,6.599,7.776,9.880,12.802,16.386,20.676,25.508,30.629,35.927,41.322,46.371,50.587,53.797,56.071,57.273,57.265,56.040,53.784,50.656,46.751,42.008,36.486,30.444,24.176,17.943,12.294,8.247,6.642,7.458
9.917,11.851,13.921,16.463,18.985,20.306,20.542,20.024,18.911,17.348,15.892,14.698,13.668,12.625,11.527,10.148,8.894,7.783,7.065,6.334,5.684,5.382,5.804,6.953,8.500,10.921,14.441,19.281,25.049,31.633,38.602,45.479,51.573,56.429,59.894,61.967,62.553,61.810,60.068,57.408,53.744,49.077,43.708,37.590,30.663,23.372,16.842,12.213,10.542,11.373,13.635
11.931,13.447,15.833,18.127,19.909,21.370,22.447,22.844,22.599,21.968,21.097,20.026,18.812,17.520,16.188,14.837,13.496,12.224,11.090,10.147,9.513,9.408,9.951,11.054,12.570,14.412,16.685,19.699,23.711,28.758,34.755,41.500,48.490,54.895,59.871,62.980,64.267,63.933,62.135,59.049,54.886,49.802,43.895,37.313,30.379,23.623,17.671,13.120,10.428,9.713,10.807
2.267,4.914,7.544,10.235,12.876,15.016,16.262,16.606,16.359,15.795,14.950,13.818,12.570,11.406,10.357,9.372,8.435,7.541,6.682,5.895,5.345,5.285,5.874,7.159,9.093,11.610,14.725,18.601,23.524,29.677,36.809,44.166,50.720,55.541,58.288,59.211,58.636,56.741,53.653,49.492,44.392,38.486,31.822,24.490,16.949,10.074,4.797,1.709,0.959,2.275,4.917
-3.042,2.944,10.431,16.444,19.240,20.514,21.242,20.485,18.378,15.798,13.302,11.185,9.648,8.656,8.161,8.049,8.158,8.600,9.237,9.800,10.316,10.886,11.539,12.560,14.037,15.711,17.656,20.425,24.169,28.794,34.641,41.382,47.253,50.676,51.763,51.431,50.150,47.874,44.794,41.185,37.006,32.136,26.626,20.596,14.343,8.259,2.397,-2.895,-5.786,-4.949,-1.334
-2.911,2.205,8.846,16.586,22.167,24.698,25.719,25.101,23.121,20.972,18.854,16.937,15.389,14.214,13.709,13.479,13.239,12.893,12.391,11.644,10.719,9.982,9.712,10.070,10.998,12.730,15.393,19.335,24.271,29.527,34.894,40.865,47.038,52.317,56.388,58.999,60.150,59.846,58.119,55.102,50.962,45.731,39.311,31.919,23.932,15.766,7.847,0.665,-4.684,-6.322,-4.090
2.410,2.057,1.736,2.053,2.043,1.767,2.033,2.635,3.039,3.246,3.217,2.979,2.851,2.885,3.004,3.186,3.318,3.152,2.694,2.244,2.085,2.339,3.155,4.739,7.021,9.716,12.612,15.853,19.908,25.219,31.421,37.864,44.154,49.425,52.856,54.123,53.175,50.357,46.340,41.673,36.509,31.011,25.589,20.398,15.355,10.634,6.521,3.089,0.978,0.789,1.609
-1.303,-0.349,0.124,0.830,1.243,1.261,1.245,1.335,1.326,0.866,-0.012,-0.998,-1.737,-2.015,-1.901,-1.706,-1.582,-1.453,-1.375,-1.234,-0.890,-0.387,0.318,1.105,1.939,2.950,4.312,6.247,8.962,12.657,17.328,22.790,29.113,36.221,43.219,48.719,51.883,52.778,51.693,48.858,44.411,38.554,31.961,25.463,19.382,13.557,8.002,3.213,-0.120,-1.881,-2.144
3.497,6.389,9.785,13.335,16.307,18.429,19.554,19.754,19.514,19.307,18.692,17.294,15.740,14.652,13.852,13.194,12.820,12.410,11.866,11.564,11.770,12.585,14.117,16.300,18.920,22.223,26.465,31.619,37.514,43.997,50.702,57.079,62.180,65.531,67.208,67.434,66.130,63.615,59.961,55.220,49.170,42.126,34.410,26.248,17.872,10.110,3.918,0.593,0.697,3.186,6.292
0.479,2.676,4.971,7.390,9.361,10.703,11.556,11.739,11.377,11.103,10.976,10.521,9.820,9.079,8.548,8.095,7.465,6.588,5.729,5.335,5.243,5.565,6.296,7.696,9.608,12.101,15.430,20.025,25.867,33.043,41.277,49.549,56.295,60.713,63.108,64.082,63.863,62.257,59.213,54.721,48.884,41.899,34.481,27.035,19.579,12.442,6.583,2.886,1.919,3.480,6.114
4.061,7.088,10.650,13.949,16.602,18.288,18.717,18.120,16.991,15.616,13.948,12.238,10.964,10.209,9.899,9.935,10.006,9.850,9.634,9.471,9.388,9.573,10.246,11.301,12.633,14.326,16.574,19.733,23.979,29.215,35.491,42.520,49.168,54.402,58.084,60.545,61.901,62.113,60.908,58.134,54.000,48.603,42.190,35.129,27.822,20.512,13.919,8.351,3.676,0.894,0.685
-0.880,2.256,5.427,7.937,9.795,11.111,11.563,10.823,9.459,8.334,7.808,7.364,6.632,6.018,5.782,5.503,4.959,4.333,3.608,3.181,3.276,4.067,5.397,6.950,8.323,9.709,11.514,14.300,18.393,23.865,30.624,38.483,46.596,53.282,57.728,60.425,61.779,61.756,60.541,58.241,54.987,50.629,45.105,38.522,31.512,24.513,17.412,10.815,5.737,2.716,2.072
4.386,5.447,7.621,11.256,15.088,17.826,19.686,20.958,21.543,21.790,22.004,22.073,21.979,21.241,19.759,18.235,16.856,15.697,14.805,14.113,13.592,13.269,13.301,13.855,15.053,16.783,18.944,21.678,25.048,29.320,34.645,40.652,46.843,52.900,58.032,61.329,62.499,61.441,58.734,55.335,51.499,47.223,42.548,37.326,31.576,25.653,19.661,13.924,9.393,6.707,6.118
8.278,11.266,13.966,17.388,19.973,20.989,21.298,20.674,19.589,18.542,17.324,16.095,14.650,12.886,10.970,8.979,6.789,4.523,2.517,0.897,-0.162,-0.212,0.464,1.398,2.624,3.983,5.396,7.249,9.828,13.416,18.284,24.216,30.663,37.246,44.421,52.264,59.412,64.244,66.219,65.698,63.382,59.541,54.252,48.010,40.366,31.168,21.222,11.748,4.998,2.755,4.672
13.661,16.108,18.863,21.843,24.657,26.753,27.834,27.932,27.252,26.024,24.416,22.603,20.812,19.186,17.747,16.492,15.465,14.723,14.303,14.188,14.316,14.655,15.260,16.192,17.444,19.011,21.003,23.555,26.602,29.943,33.686,38.298,43.802,49.190,53.163,55.177,55.495,54.663,53.179,51.305,48.916,45.689,41.492,36.524,31.073,25.373,19.781,14.936,11.611,10.293,10.796
8.473,10.635,13.551,16.468,18.613,19.798,20.197,19.866,18.939,17.801,16.659,15.369,13.868,12.400,11.221,10.342,9.637,9.052,8.684,8.677,9.122,10.005,11.211,12.654,14.398,16.553,19.115,21.956,24.891,27.848,31.114,35.159,39.828,44.098,47.013,48.413,48.650,48.050,46.762,44.812,42.165,38.791,34.790,30.376,25.674,20.792,16.054,12.026,9.336,8.292,8.674
11.374,14.422,17.261,20.052,21.979,23.140,23.771,23.777,23.261,22.369,21.401,20.486,19.498,18.410,17.323,16.248,15.074,13.901,12.970,12.094,11.105,10.388,10.084,10.159,10.855,12.341,14.661,17.940,22.187,27.494,33.848,40.490,46.821,52.778,57.687,60.669,61.691,61.003,58.771,55.307,51.078,46.559,41.737,36.330,30.248,23.707,17.219,11.577,8.125,7.876,10.002
4.208,7.850,12.226,16.421,19.361,21.008,21.283,20.539,19.626,18.677,17.453,15.982,14.464,12.998,11.587,10.248,8.924,7.652,6.461,5.330,4.377,3.701,3.380,3.681,4.929,7.186,10.366,14.343,19.208,25.384,32.676,40.342,47.811,54.246,58.661,60.829,61.109,59.736,56.967,53.054,48.281,42.772,36.688,30.029,22.816,15.659,9.244,4.675,3.217,4.748,7.863
5.334,7.686,10.677,13.497,15.513,16.693,17.203,17.089,16.571,15.861,14.902,13.630,12.150,10.561,8.939,7.423,6.146,5.124,4.329,3.844,3.752,3.950,4.360,5.097,6.313,8.157,10.821,14.483,19.164,24.735,31.132,38.222,45.393,51.682,56.347,59.133,60.092,59.335,56.957,53.100,48.020,42.068,35.687,29.227,22.778,16.387,10.458,5.897,3.652,3.912,5.772
2.762,5.162,7.055,8.439,9.442,10.159,10.552,10.491,10.013,9.220,8.100,6.719,5.316,4.055,2.939,1.974,1.200,0.683,0.514,0.690,1.129,1.837,2.887,4.231,5.756,7.532,9.838,12.979,17.163,22.465,28.837,35.984,43.280,49.834,54.714,57.500,58.389,57.659,55.412,51.752,46.903,41.158,34.736,27.750,20.387,12.966,6.026,0.633,-1.855,-0.933,2.285
5.183,7.124,9.113,11.239,13.084,14.035,14.452,14.642,14.508,14.108,13.642,13.098,12.370,11.515,10.556,9.436,8.177,6.884,5.531,4.241,2.900,1.797,1.534,2.248,3.779,6.042,9.010,12.743,17.168,22.306,28.108,34.357,40.875,47.512,53.316,57.293,59.248,59.430,58.081,55.346,51.477,46.672,41.289,35.684,29.877,23.735,17.397,11.498,6.983,4.583,4.552
10.806,12.377,14.148,16.342,17.620,17.565,17.151,16.553,15.734,15.014,14.475,13.919,13.304,12.729,12.032,10.997,9.592,7.951,6.445,5.371,4.801,5.042,6.128,7.771,9.943,12.704,16.106,20.239,25.059,30.542,36.570,42.812,49.090,54.825,59.211,62.009,63.249,62.762,60.574,56.887,52.021,46.727,41.277,35.292,28.608,21.634,15.471,11.246,9.462,10.307,12.420
9.420,11.882,15.423,19.258,22.344,24.345,25.511,25.935,25.600,24.729,23.735,22.898,22.153,21.244,20.070,18.703,17.237,15.692,14.033,12.304,10.713,9.606,9.333,10.042,11.611,13.827,16.569,19.910,24.058,29.152,35.114,41.647,48.223,54.014,58.262,60.796,61.892,61.777,60.494,58.011,54.295,49.386,43.476,36.908,30.174,23.806,18.149,13.470,10.279,9.123,9.951
5.262,7.307,11.433,16.243,20.103,22.640,24.023,24.199,23.390,22.175,20.902,19.647,18.418,17.166,15.842,14.330,12.429,10.196,7.827,5.548,3.862,3.252,3.774,5.144,7.140,9.717,13.035,17.230,22.290,27.840,33.689,40.428,48.085,54.975,59.502,61.466,61.328,59.533,56.357,51.952,46.474,40.178,33.517,27.109,21.421,16.451,12.014,8.319,5.968,5.415,6.751
1.745,2.399,2.412,4.009,5.839,5.376,3.874,3.311,3.063,2.272,1.196,0.587,0.693,1.242,1.679,1.648,1.125,0.393,-0.305,-0.864,-1.100,-0.921,-0.204,1.165,3.478,6.790,11.069,16.230,22.246,28.925,36.059,43.293,49.759,54.532,57.254,58.209,57.969,56.780,54.443,50.620,45.290,38.692,31.376,24.222,17.665,11.619,6.263,2.582,1.100,1.353,2.408
3.450,6.198,9.334,14.125,19.506,22.378,22.097,20.614,19.122,17.573,15.768,13.899,12.114,10.405,8.851,7.462,6.240,5.114,3.947,2.904,2.374,2.400,2.828,3.788,5.570,8.389,12.167,17.065,23.260,30.350,37.812,45.085,51.491,56.263,58.964,59.769,59.276,57.298,53.650,48.856,43.441,37.471,31.022,24.203,17.161,10.326,4.740,1.726,1.578,3.549,6.697
3.838,8.511,14.583,21.056,26.145,28.893,29.399,28.214,26.218,24.067,21.789,19.328,16.899,14.590,12.220,9.584,6.658,3.783,1.454,-0.006,-0.523,-0.129,1.073,2.896,5.175,7.970,11.540,16.091,21.657,28.322,36.156,44.667,52.602,58.736,62.646,64.459,64.301,62.306,58.792,54.229,49.111,43.695,37.782,31.143,23.948,16.666,10.019,5.279,3.638,5.036,8.479
3.126,7.665,12.673,17.716,21.828,24.064,24.358,23.461,22.203,20.897,19.383,17.553,15.516,13.307,10.872,8.300,5.857,3.827,2.396,1.650,1.646,2.433,4.007,6.237,8.842,11.585,14.517,17.863,21.762,26.318,31.836,38.593,46.222,53.635,59.723,64.023,66.637,67.752,67.375,65.465,62.076,57.352,51.425,44.404,36.437,27.749,18.668,9.997,3.424,0.656,1.845
-0.653,2.942,7.382,12.478,17.025,19.804,20.883,20.909,20.762,20.651,20.204,19.335,18.013,16.443,14.648,12.774,10.829,8.858,6.796,4.829,3.170,2.059,1.744,2.266,3.477,5.291,7.876,11.608,16.670,22.752,29.525,36.817,44.214,50.912,56.004,58.916,59.616,58.352,55.204,50.226,43.650,35.802,27.198,18.603,10.828,4.618,0.371,-1.799,-1.735,0.588,4.011
3.254,6.579,11.122,15.997,19.247,20.917,21.913,21.850,20.933,19.649,18.268,16.769,15.079,13.093,11.033,9.211,7.822,6.703,5.672,4.656,3.683,2.909,2.546,2.715,3.428,4.612,6.450,9.090,12.616,17.141,22.989,30.041,37.990,45.896,52.490,56.923,59.363,60.199,59.499,57.182,53.250,47.878,41.292,33.908,26.086,18.190,10.562,3.693,-1.214,-2.810,-1.134
6.795,6.814,9.171,12.617,15.963,18.437,19.766,20.027,19.445,18.341,17.029,15.638,14.098,12.369,10.603,9.007,7.649,6.448,5.301,4.185,3.178,2.432,2.165,2.627,3.998,6.275,9.381,13.399,18.528,24.716,31.524,38.399,44.959,50.928,56.021,59.987,62.707,64.106,64.071,62.490,59.367,54.857,49.319,43.202,36.903,30.660,24.723,19.566,15.812,13.838,13.577
15.785,17.842,21.174,24.698,27.425,28.856,29.124,28.656,27.779,26.665,25.443,24.193,22.889,21.497,20.067,18.681,17.365,16.108,14.895,13.674,12.410,11.257,10.557,10.597,11.459,13.165,15.861,19.758,24.944,31.201,38.063,45.032,51.684,57.546,62.109,65.048,66.370,66.255,64.868,62.327,58.765,54.292,48.979,42.893,36.198,29.179,22.253,16.031,11.369,9.058,9.155
15.188,18.987,23.170,28.017,31.976,34.022,34.585,33.995,32.525,30.404,27.699,24.678,21.684,18.882,16.475,14.359,12.190,9.961,7.933,6.070,4.266,2.736,1.978,2.376,3.995,6.739,10.476,15.160,20.807,27.504,35.270,43.562,50.985,56.346,59.582,61.122,61.043,59.336,56.103,51.528,46.003,39.845,32.891,25.086,16.906,9.142,3.044,0.227,1.380,5.465,10.568
12.199,15.684,19.919,24.172,27.724,30.355,31.732,31.501,30.306,28.641,26.523,24.232,21.963,19.584,16.945,14.347,12.160,10.284,8.580,7.038,5.784,4.987,4.907,5.713,7.487,10.270,14.000,18.530,23.733,29.667,36.331,43.311,49.614,54.522,57.897,59.917,60.464,59.389,56.647,52.394,46.944,40.628,33.808,26.742,19.640,12.716,6.789,3.527,3.911,7.141,11.433
-0.153,0.597,1.248,1.906,2.796,3.787,4.587,5.041,5.143,5.016,4.873,4.850,4.955,5.149,5.369,5.482,5.361,5.017,4.596,4.264,4.156,4.373,4.979,5.990,7.416,9.326,11.922,15.524,20.357,26.263,32.720,39.110,44.826,49.268,52.069,53.269,53.121,51.780,49.233,45.490,40.777,35.503,30.046,24.604,19.215,13.911,8.906,4.636,1.525,-0.283,-0.958
0.348,0.592,1.220,2.156,3.234,4.209,4.894,5.168,5.042,4.695,4.328,4.040,3.855,3.742,3.627,3.447,3.181,2.866,2.630,2.630,2.921,3.469,4.286,5.463,7.100,9.283,12.163,16.004,21.050,27.272,34.282,41.449,48.014,53.227,56.622,58.226,58.401,57.489,55.595,52.621,48.491,43.362,37.553,31.338,24.891,18.386,12.106,6.558,2.457,0.319,-0.063
11.841,12.281,13.565,15.038,16.313,17.356,18.062,18.105,17.391,16.258,15.073,13.940,12.842,11.861,11.062,10.390,9.775,9.240,8.822,8.537,8.424,8.589,9.154,10.207,11.826,14.151,17.314,21.332,26.052,31.291,36.901,42.517,47.459,51.133,53.334,54.111,53.605,52.007,49.497,46.230,42.393,38.192,33.752,29.097,24.304,19.605,15.332,11.915,9.873,9.455,10.398
10.219,12.040,14.353,16.659,18.494,19.605,19.970,19.649,18.801,17.703,16.582,15.513,14.522,13.627,12.764,11.846,10.894,10.005,9.258,8.712,8.439,8.532,9.077,10.129,11.745,14.034,17.195,21.459,26.854,32.960,39.100,44.796,49.767,53.648,56.148,57.253,57.078,55.717,53.285,49.966,45.998,41.637,37.084,32.464,27.880,23.470,19.463,16.139,13.752,12.536,12.667
7.217,11.813,16.032,19.922,23.346,25.886,27.257,27.478,26.687,24.992,22.568,19.755,16.883,14.114,11.462,8.874,6.328,3.913,1.771,0.002,-1.313,-2.083,-2.253,-1.843,-0.880,0.740,3.321,7.264,12.793,19.669,27.294,35.117,42.761,49.758,55.483,59.408,61.323,61.327,59.657,56.486,51.864,45.830,38.559,30.407,21.908,13.834,7.165,2.814,1.263,2.362,5.456
7.715,11.727,16.391,21.105,25.044,27.671,28.870,28.759,27.603,25.733,23.462,21.051,18.692,16.482,14.425,12.458,10.499,8.535,6.683,5.178,4.235,3.920,4.180,4.982,6.381,8.525,11.650,15.987,21.555,28.080,35.159,42.400,49.368,55.572,60.608,64.232,66.291,66.679,65.375,62.439,57.974,52.094,44.949,36.786,28.037,19.430,11.975,6.720,4.348,4.827,7.478
8.694,14.758,21.552,27.775,32.010,33.777,34.206,33.804,32.269,29.470,26.024,22.570,19.405,16.646,14.423,12.763,11.708,11.193,10.972,10.747,10.497,10.499,10.994,11.984,13.317,14.997,17.268,20.564,25.110,30.959,37.956,45.292,51.708,56.425,59.547,61.378,61.958,61.146,58.900,55.252,50.294,44.251,37.598,30.649,23.518,16.405,9.918,5.280,3.548,4.964,9.006
11.386,15.842,23.038,29.950,33.838,35.039,34.963,33.638,31.090,27.758,24.217,20.873,17.922,15.537,13.743,12.517,11.856,11.643,11.638,11.736,11.899,12.255,12.871,13.549,14.256,15.332,17.446,21.217,26.728,33.792,41.857,49.776,56.158,60.399,62.505,62.583,60.588,56.645,50.947,44.079,36.950,30.436,24.628,19.131,13.585,8.230,3.900,1.591,2.215,6.221,12.261
4.714,9.879,14.199,17.764,20.525,22.496,23.529,23.394,22.441,21.299,20.259,19.019,17.096,14.560,11.906,9.413,7.033,4.748,2.684,1.053,0.154,0.132,0.799,1.903,3.506,5.805,8.904,13.054,18.585,25.388,32.953,40.760,48.231,54.667,59.447,62.086,62.290,60.015,55.451,48.874,40.641,31.234,21.148,10.906,1.390,-6.008,-10.068,-9.894,-5.284,1.875,8.662
2.943,7.435,12.213,17.178,21.755,25.092,26.793,26.910,25.852,24.357,22.971,21.605,19.877,17.717,15.397,13.149,11.011,8.955,6.986,5.189,3.759,2.923,2.831,3.528,4.992,7.128,9.759,12.897,16.876,22.026,28.263,35.095,42.037,48.827,55.102,60.073,63.019,63.706,62.334,59.333,55.082,49.656,42.976,35.080,26.369,17.560,9.369,2.894,-0.203,0.809,4.891
2.440,5.387,9.986,15.240,19.534,22.031,22.840,22.269,20.838,19.113,17.098,15.093,13.491,12.286,11.258,10.314,9.288,8.107,6.936,6.031,5.525,5.444,5.910,7.052,8.848,11.244,14.208,17.816,22.228,27.474,33.382,40.045,47.510,55.024,61.064,65.082,67.246,67.927,67.398,65.581,62.216,57.497,51.468,43.852,34.609,24.387,14.216,5.572,0.131,-1.102,1.242
0.597,4.047,8.149,12.635,16.876,19.841,21.551,22.204,21.687,20.270,18.514,16.716,15.308,14.451,14.017,13.671,13.680,13.786,13.684,13.256,12.856,12.829,13.402,14.699,16.680,19.202,22.253,26.070,30.649,35.698,41.092,46.836,52.299,56.416,58.646,59.260,58.700,57.224,54.853,51.361,46.668,40.863,34.100,26.465,18.288,10.242,3.357,-1.229,-2.487,-0.362,3.419
-6.135,-3.992,-2.556,0.021,2.720,4.139,5.075,5.925,6.489,6.746,6.627,5.956,4.846,3.471,1.951,0.252,-1.628,-3.457,-4.932,-6.040,-6.818,-7.128,-6.856,-5.986,-4.415,-2.258,0.446,3.935,8.571,14.488,21.509,29.404,37.790,45.616,51.523,54.939,56.307,56.218,54.806,51.960,47.712,42.237,35.749,28.301,19.936,10.537,1.328,-6.452,-11.115,-11.429,-8.596
-4.522,-1.932,1.075,4.884,8.356,10.294,10.836,10.743,10.676,10.504,9.964,9.287,8.619,7.690,6.693,5.763,4.798,3.739,2.711,1.938,1.346,0.868,0.971,1.723,2.891,4.429,6.702,9.398,12.964,18.254,24.705,31.722,39.221,46.356,52.175,56.135,58.092,58.513,57.589,55.261,51.515,46.476,40.411,33.271,25.016,15.659,5.843,-3.093,-8.396,-8.430,-5.297
0.012,2.090,4.470,7.107,9.335,10.471,10.495,9.905,9.188,8.690,8.828,9.688,10.880,11.962,12.722,13.160,13.303,13.032,12.310,11.359,10.392,9.580,9.043,8.802,8.869,9.370,10.620,12.814,15.942,20.109,25.314,31.165,37.257,43.402,49.253,53.992,56.947,58.198,58.185,57.158,54.853,50.716,44.594,36.884,28.369,19.713,11.549,4.691,0.047,-1.484,0.058
5.280,5.810,7.823,10.962,13.718,15.004,15.069,14.606,13.915,13.223,12.794,12.489,11.932,11.032,10.202,9.875,9.861,9.742,9.511,9.253,8.864,8.551,8.615,8.865,9.293,10.374,12.043,13.913,16.283,19.614,23.885,29.007,34.713,40.189,44.651,47.761,49.470,50.026,49.744,48.497,45.934,41.988,36.856,30.899,24.518,18.004,11.752,6.333,2.293,0.015,-0.178
2.886,4.297,5.776,7.431,9.178,10.710,11.891,12.859,13.750,14.472,14.777,14.504,13.692,12.524,11.177,9.729,8.228,6.836,5.784,5.215,5.143,5.496,6.216,7.331,8.939,11.160,14.160,18.151,23.257,29.290,35.719,41.993,47.889,53.330,58.018,61.590,63.819,64.448,63.182,60.018,55.190,49.001,41.885,34.337,26.670,19.033,11.806,5.881,2.231,1.090,1.680
4.157,7.434,11.041,14.298,16.723,18.214,18.832,18.722,18.207,17.645,17.010,15.988,14.498,12.916,11.587,10.516,9.567,8.717,8.022,7.703,7.965,8.724,9.767,11.082,12.905,15.542,19.164,23.834,29.668,36.556,43.737,50.186,55.204,58.578,60.475,61.179,60.813,59.337,56.759,53.177,48.697,43.423,37.527,31.187,24.556,17.945,11.977,7.473,5.092,4.864,6.180
0.141,3.228,7.714,12.827,17.382,20.549,22.322,22.965,22.675,21.720,20.342,18.554,16.349,13.924,11.556,9.395,7.481,5.874,4.666,3.868,3.399,3.219,3.410,4.109,5.429,7.484,10.398,14.286,19.190,25.003,31.460,38.230,44.895,50.829,55.393,58.239,59.415,59.178,57.737,55.116,51.254,46.181,40.161,33.618,26.909,20.195,13.548,7.329,2.473,-0.078,-0.108
1.570,5.407,9.298,12.697,15.419,17.313,18.280,18.399,17.838,16.783,15.380,13.754,11.915,9.828,7.703,5.835,4.346,3.206,2.472,2.150,2.169,2.475,3.091,4.170,5.822,8.069,10.932,14.792,19.996,26.400,33.357,40.285,46.745,52.233,56.269,58.693,59.631,59.229,57.543,54.622,50.527,45.363,39.334,32.746,25.882,18.940,12.140,5.986,1.424,-0.609,0.098
2.950,5.744,9.500,13.854,17.366,18.752,18.316,16.981,15.622,15.235,15.887,16.488,15.958,14.332,12.266,10.211,8.443,6.949,5.780,4.904,4.546,4.930,5.979,7.479,9.338,11.619,14.458,18.082,22.738,28.492,35.134,42.204,49.141,55.233,59.762,62.319,62.931,61.790,59.049,54.890,49.434,43.098,36.276,29.327,22.495,16.071,10.258,5.566,2.827,2.583,4.314
-0.323,2.724,6.939,11.522,15.516,17.786,18.033,16.778,15.155,13.920,13.222,12.654,11.895,10.705,9.162,7.677,6.726,5.956,5.095,4.104,3.315,3.065,3.762,5.347,7.375,9.647,12.323,15.982,21.148,27.387,34.112,40.958,47.491,52.923,56.725,58.779,59.185,58.196,55.941,51.943,46.383,40.096,33.858,27.339,20.413,13.286,6.519,0.901,-2.257,-2.051,0.881
7.085,10.158,13.822,17.832,21.453,23.509,23.613,22.445,20.791,18.992,17.197,15.599,14.315,13.248,12.197,11.148,10.146,9.144,8.010,6.739,5.556,4.874,5.071,6.267,8.309,10.976,14.290,18.582,24.120,30.768,38.086,45.570,52.656,58.717,63.226,65.927,66.755,65.718,62.921,58.602,53.004,46.225,38.316,29.616,20.953,13.421,8.038,5.527,6.005,8.722,12.683
3.839,9.597,15.404,20.454,23.785,25.205,25.695,26.040,26.032,25.256,23.647,21.397,18.743,15.910,13.060,10.187,7.217,4.337,2.162,1.270,1.680,2.961,4.747,6.926,9.500,12.500,16.064,20.295,25.029,29.995,35.264,41.205,47.743,53.962,58.751,61.730,63.075,62.984,61.328,57.880,52.501,45.380,37.042,28.332,20.180,13.093,7.109,2.408,-0.420,-0.876,1.081
14.558,19.196,23.911,27.814,30.475,31.969,32.500,32.134,30.916,28.988,26.586,23.980,21.433,19.091,17.002,15.201,13.747,12.738,12.282,12.480,13.385,14.962,17.066,19.518,22.273,25.475,29.278,33.687,38.604,43.944,49.560,55.073,59.905,63.512,65.572,65.945,64.538,61.258,56.115,49.332,41.384,32.935,24.679,17.152,10.659,5.427,1.800,0.264,1.047,3.802,7.896
21.196,24.234,28.815,33.489,36.975,38.913,39.628,39.472,38.588,37.092,35.160,32.966,30.586,28.049,25.469,23.034,20.921,19.220,17.934,17.018,16.411,16.070,15.985,16.213,16.888,18.241,20.529,23.893,28.206,33.151,38.389,43.614,48.439,52.415,55.210,56.741,57.108,56.445,54.852,52.413,49.221,45.351,40.832,35.720,30.203,24.639,19.537,15.493,13.054,12.602,14.398
3.180,6.880,10.764,15.235,19.062,21.138,21.131,19.739,17.882,16.096,14.211,12.788,11.721,10.578,9.485,8.802,8.456,8.121,7.580,6.942,6.455,6.279,6.637,7.746,9.660,12.385,15.969,20.454,25.693,31.363,37.272,42.990,47.501,50.224,51.645,52.389,52.565,51.931,50.305,47.483,43.126,37.197,30.008,22.182,14.447,7.278,1.212,-2.621,-3.378,-1.606,1.670
-0.486,4.283,8.356,12.664,17.007,19.774,20.701,20.638,20.089,19.090,17.882,16.544,14.835,12.665,10.252,8.001,5.971,4.065,2.438,1.321,0.889,1.254,2.564,4.621,7.102,10.069,13.841,18.443,23.605,29.280,35.443,41.411,46.407,50.100,52.409,53.495,53.718,53.064,51.399,48.761,44.887,39.401,32.186,23.548,14.497,6.248,-0.227,-3.825,-3.874,-0.731,4.278
7.850,10.474,13.812,16.611,18.068,18.225,17.522,16.601,15.689,14.653,13.735,13.020,12.218,11.346,10.525,9.810,9.189,8.680,8.376,8.279,8.321,8.808,9.891,11.327,13.226,15.690,18.732,22.524,27.075,32.170,37.588,42.948,47.590,50.797,52.374,52.525,51.465,49.510,46.931,43.896,40.364,36.299,31.927,27.442,22.889,18.382,14.302,11.072,9.171,8.879,9.788
9.633,11.978,15.921,19.805,21.982,23.105,23.398,22.624,21.067,19.226,17.444,15.786,14.445,13.502,12.717,12.004,11.329,10.633,9.976,9.507,9.277,9.327,9.760,10.518,11.613,13.094,14.948,17.190,20.029,23.938,28.633,33.499,38.536,43.436,47.398,49.875,50.854,50.486,48.916,46.422,43.261,39.404,34.829,29.781,24.465,18.951,13.511,8.806,5.835,5.318,6.980
5.762,9.522,14.108,18.507,21.022,21.780,22.143,22.597,22.892,22.704,22.345,22.060,21.781,21.449,21.103,20.922,20.980,21.239,21.434,21.526,21.459,21.246,20.967,20.879,21.070,21.519,22.282,23.780,26.557,30.844,36.082,41.678,47.533,53.669,59.445,63.987,66.879,68.038,67.490,65.321,61.921,57.559,52.231,45.783,38.314,30.306,22.487,15.666,10.513,7.590,7.004
1.718,2.497,6.796,12.625,17.311,19.985,21.271,21.626,21.350,20.923,20.546,20.286,19.999,19.641,18.936,17.913,17.024,16.538,16.273,16.156,16.273,16.485,16.924,17.429,18.241,19.444,21.056,23.021,25.915,30.083,35.574,41.866,48.406,54.532,59.487,62.765,64.371,64.174,62.098,58.492,53.797,48.272,42.020,35.160,27.532,19.278,10.986,4.039,-0.793,-3.057,-3.118
5.632,8.387,11.292,13.961,15.778,16.465,16.211,15.442,14.414,13.234,12.084,11.089,10.187,9.304,8.356,7.270,6.060,4.809,3.729,3.038,2.814,3.069,3.834,5.157,7.093,9.738,13.172,17.401,22.398,28.141,34.411,40.675,46.133,50.017,52.164,52.826,52.105,50.065,46.915,42.920,38.316,33.262,27.836,22.123,16.309,10.806,6.259,3.286,2.207,2.936,4.864
6.489,8.299,9.934,11.161,11.741,11.682,11.170,10.515,9.823,8.963,8.037,7.065,5.992,4.984,4.048,3.138,2.095,1.068,0.449,0.312,0.643,1.200,1.971,3.239,5.011,7.167,9.766,13.127,17.457,22.782,29.103,35.989,42.649,48.063,51.382,52.525,51.760,49.324,45.537,40.719,35.269,29.671,23.967,17.974,11.991,6.712,2.664,0.166,-0.563,0.325,1.984
6.708,8.012,10.042,12.678,14.649,15.403,15.205,14.467,13.397,12.533,12.239,12.129,11.732,10.993,10.121,9.483,9.202,9.150,9.268,9.636,10.174,10.508,10.513,10.531,10.919,11.811,13.263,15.486,18.736,22.938,28.298,34.862,41.921,48.625,54.367,58.555,60.795,61.392,60.493,57.843,53.501,47.789,41.327,34.636,27.781,21.048,14.986,10.041,6.708,5.327,5.600
7.708,9.149,11.360,13.624,14.733,14.690,13.928,12.571,11.093,10.163,9.880,9.836,9.622,9.380,9.396,9.630,9.768,9.692,9.488,9.237,9.051,9.187,9.843,11.019,12.747,15.144,18.170,21.760,26.014,30.918,36.272,41.586,46.421,50.947,54.854,57.244,57.856,56.859,54.350,50.467,45.567,40.198,34.709,29.167,23.509,17.769,12.204,7.679,5.234,5.015,6.294
